[{"id":"user-image-2f01ac6f-bf7e-4f07-8282-b5ba27722e9b.jfif","publicUrl":"np://user.desktop.nicepage.com/Site_613830262/images/2f01ac6f-bf7e-4f07-8282-b5ba27722e9b.jfif","size":58505,"hash":"nYDdfDoP9rxuNJRbBqQoyV4s91I=","fileName":"2f01ac6f-bf7e-4f07-8282-b5ba27722e9b.jfif","name":"2f01ac6f-bf7e-4f07-8282-b5ba27722e9b","width":720,"height":487,"thumbnail":{"url":"np://user.desktop.nicepage.com/Site_613830262/images/thumbnails/2f01ac6f-bf7e-4f07-8282-b5ba27722e9b.jfif","width":250,"height":169},"folderId":null,"usages":["1001023011"]},{"id":"user-image-Default_Character_Name_CompuCharacter_DescriptionSpecies_Anthr_0.jpg","publicUrl":"np://user.desktop.nicepage.com/Site_613830262/images/Default_Character_Name_CompuCharacter_DescriptionSpecies_Anthr_0.jpg","size":676446,"hash":"tPMk1StdDJ9DWyfNT9MpQGENohk=","fileName":"Default_Character_Name_CompuCharacter_DescriptionSpecies_Anthr_0.jpg","name":"Default_Character_Name_CompuCharacter_DescriptionSpecies_Anthr_0","width":1472,"height":832,"thumbnail":{"url":"np://user.desktop.nicepage.com/Site_613830262/images/thumbnails/Default_Character_Name_CompuCharacter_DescriptionSpecies_Anthr_0.jpg","width":250,"height":141},"folderId":null,"usages":["1001023011"]},{"id":"user-image-44112825_342034683270144_1969790719136628736_n.jpg","publicUrl":"np://user.desktop.nicepage.com/Site_613830262/images/44112825_342034683270144_1969790719136628736_n.jpg","size":244754,"hash":"tDIYK9YtxxIfHa7F4yF1ZCC/zf4=","fileName":"44112825_342034683270144_1969790719136628736_n.jpg","name":"44112825_342034683270144_1969790719136628736_n","width":1296,"height":1944,"thumbnail":{"url":"np://user.desktop.nicepage.com/Site_613830262/images/thumbnails/44112825_342034683270144_1969790719136628736_n.jpg","width":167,"height":250},"folderId":null,"usages":["1001023011"]},{"id":"user-image-28684959_171315903675357_5872100500054619892_n.jpg","publicUrl":"np://user.desktop.nicepage.com/Site_613830262/images/28684959_171315903675357_5872100500054619892_n.jpg","size":78255,"hash":"/jCpZRPadZ6Eg9NqSZnVL9Tw+jA=","fileName":"28684959_171315903675357_5872100500054619892_n.jpg","name":"28684959_171315903675357_5872100500054619892_n","width":960,"height":720,"thumbnail":{"url":"np://user.desktop.nicepage.com/Site_613830262/images/thumbnails/28684959_171315903675357_5872100500054619892_n.jpg","width":250,"height":188},"folderId":null,"usages":["1001023011"]},{"id":"user-image-WhatsAppImage2024-06-29at10.41.18PM.jpeg","publicUrl":"np://user.desktop.nicepage.com/Site_613830262/images/WhatsAppImage2024-06-29at10.41.18PM.jpeg","size":263759,"hash":"dkR/k6+gto7ctmJIYtoXGzE2vcs=","fileName":"WhatsAppImage2024-06-29at10.41.18PM.jpeg","name":"WhatsAppImage2024-06-29at10.41.18PM","width":1600,"height":1200,"thumbnail":{"url":"np://user.desktop.nicepage.com/Site_613830262/images/thumbnails/WhatsAppImage2024-06-29at10.41.18PM.jpeg","width":250,"height":188},"folderId":null,"usages":["1001023011"]},{"id":"user-image-WhatsAppImage2024-07-26at10.24.43PM.jpeg","publicUrl":"np://user.desktop.nicepage.com/Site_613830262/images/WhatsAppImage2024-07-26at10.24.43PM.jpeg","size":249173,"hash":"nslSeQ0KIJ3OkprTLbWyFNfejww=","fileName":"WhatsAppImage2024-07-26at10.24.43PM.jpeg","name":"WhatsAppImage2024-07-26at10.24.43PM","width":1600,"height":1200,"thumbnail":{"url":"np://user.desktop.nicepage.com/Site_613830262/images/thumbnails/WhatsAppImage2024-07-26at10.24.43PM.jpeg","width":250,"height":188},"folderId":null,"usages":["1001023011"]},{"id":"user-image-WhatsAppImage2024-06-29at11.26.49PM.jpeg","publicUrl":"np://user.desktop.nicepage.com/Site_613830262/images/WhatsAppImage2024-06-29at11.26.49PM.jpeg","size":470053,"hash":"XY8wUohJLgZ+J8ZsHFTbLj2dHJA=","fileName":"WhatsAppImage2024-06-29at11.26.49PM.jpeg","name":"WhatsAppImage2024-06-29at11.26.49PM","width":1600,"height":1066,"thumbnail":{"url":"np://user.desktop.nicepage.com/Site_613830262/images/thumbnails/WhatsAppImage2024-06-29at11.26.49PM.jpeg","width":250,"height":167},"folderId":null,"usages":["1001023011"]},{"id":"user-image-WhatsAppImage2024-06-29at11.22.10PM.jpeg","publicUrl":"np://user.desktop.nicepage.com/Site_613830262/images/WhatsAppImage2024-06-29at11.22.10PM.jpeg","size":84157,"hash":"Ih+icuoJcdyMO/OAJ2Do7eEaKfs=","fileName":"WhatsAppImage2024-06-29at11.22.10PM.jpeg","name":"WhatsAppImage2024-06-29at11.22.10PM","width":720,"height":1280,"thumbnail":{"url":"np://user.desktop.nicepage.com/Site_613830262/images/thumbnails/WhatsAppImage2024-06-29at11.22.10PM.jpeg","width":141,"height":250},"folderId":null,"usages":["1001023011"]},{"id":"user-image-WhatsAppImage2024-06-29at11.22.36PM.jpeg","publicUrl":"np://user.desktop.nicepage.com/Site_613830262/images/WhatsAppImage2024-06-29at11.22.36PM.jpeg","size":172751,"hash":"4heyyQmaRNKKpSyOiC4+4Q05xx4=","fileName":"WhatsAppImage2024-06-29at11.22.36PM.jpeg","name":"WhatsAppImage2024-06-29at11.22.36PM","width":1600,"height":1200,"thumbnail":{"url":"np://user.desktop.nicepage.com/Site_613830262/images/thumbnails/WhatsAppImage2024-06-29at11.22.36PM.jpeg","width":250,"height":188},"folderId":null,"usages":["1001023011"]},{"id":"user-image-WhatsAppImage2024-06-29at11.22.13PM.jpeg","publicUrl":"np://user.desktop.nicepage.com/Site_613830262/images/WhatsAppImage2024-06-29at11.22.13PM.jpeg","size":171034,"hash":"Uqyo0rGIDQEJE3pBqsJjC8j/c/8=","fileName":"WhatsAppImage2024-06-29at11.22.13PM.jpeg","name":"WhatsAppImage2024-06-29at11.22.13PM","width":1200,"height":1600,"thumbnail":{"url":"np://user.desktop.nicepage.com/Site_613830262/images/thumbnails/WhatsAppImage2024-06-29at11.22.13PM.jpeg","width":188,"height":250},"folderId":null,"usages":["1001023011"]},{"id":"user-image-WhatsAppImage2024-06-29at11.09.53PM.jpeg","publicUrl":"np://user.desktop.nicepage.com/Site_613830262/images/WhatsAppImage2024-06-29at11.09.53PM.jpeg","size":434462,"hash":"KKeIQB3hdHIbjZdqzCkjIuInU10=","fileName":"WhatsAppImage2024-06-29at11.09.53PM.jpeg","name":"WhatsAppImage2024-06-29at11.09.53PM","width":1600,"height":1067,"thumbnail":{"url":"np://user.desktop.nicepage.com/Site_613830262/images/thumbnails/WhatsAppImage2024-06-29at11.09.53PM.jpeg","width":250,"height":167},"folderId":null,"usages":["1001023011"]},{"id":"user-image-65737741_504986900308254_1710614289208836096_n.jpg","publicUrl":"np://user.desktop.nicepage.com/Site_613830262/images/65737741_504986900308254_1710614289208836096_n.jpg","size":272997,"hash":"9N5/ZukpBplbjKfNUxxtJKZXNQ4=","fileName":"65737741_504986900308254_1710614289208836096_n.jpg","name":"65737741_504986900308254_1710614289208836096_n","width":1152,"height":864,"thumbnail":{"url":"np://user.desktop.nicepage.com/Site_613830262/images/thumbnails/65737741_504986900308254_1710614289208836096_n.jpg","width":250,"height":188},"folderId":null,"usages":["1001023011"]},{"id":"user-image-f884485976-08.svg","publicUrl":"np://user.desktop.nicepage.com/Site_613830262/images/f884485976-08.svg","size":7962,"hash":"ldWjYnQuwPCHudow1vZe6Bq76SM=","fileName":"f884485976-08.svg","name":"f884485976-08","width":954,"height":501,"thumbnail":{"url":"np://user.desktop.nicepage.com/Site_613830262/images/thumbnails/f884485976-08.svg","width":250,"height":131},"folderId":null,"usages":[]},{"id":"user-image-44974681_350066272466985_6495106053343019008_n.jpg","publicUrl":"np://user.desktop.nicepage.com/Site_613830262/images/44974681_350066272466985_6495106053343019008_n.jpg","size":207952,"hash":"3jnJKAbN1IhQoafWXwa/dBWJXu0=","fileName":"44974681_350066272466985_6495106053343019008_n.jpg","name":"44974681_350066272466985_6495106053343019008_n","width":1280,"height":851,"thumbnail":{"url":"np://user.desktop.nicepage.com/Site_613830262/images/thumbnails/44974681_350066272466985_6495106053343019008_n.jpg","width":250,"height":166},"folderId":null,"usages":["1001023011"]},{"id":"user-image-WhatsAppImage2024-06-29at10.45.45PM.jpeg","publicUrl":"np://user.desktop.nicepage.com/Site_613830262/images/WhatsAppImage2024-06-29at10.45.45PM.jpeg","size":306843,"hash":"NundJIcT8FQLDEJ9Wug2uB+n/6Y=","fileName":"WhatsAppImage2024-06-29at10.45.45PM.jpeg","name":"WhatsAppImage2024-06-29at10.45.45PM","width":1600,"height":1066,"thumbnail":{"url":"np://user.desktop.nicepage.com/Site_613830262/images/thumbnails/WhatsAppImage2024-06-29at10.45.45PM.jpeg","width":250,"height":167},"folderId":null,"usages":["1001023011"]},{"id":"user-image-36451461_251721852301428_1024183755444584448_n.jpg","publicUrl":"np://user.desktop.nicepage.com/Site_613830262/images/36451461_251721852301428_1024183755444584448_n.jpg","size":59153,"hash":"LMlUoidgAM2LxykiQBLJ0ZMdFv4=","fileName":"36451461_251721852301428_1024183755444584448_n.jpg","name":"36451461_251721852301428_1024183755444584448_n","width":960,"height":540,"thumbnail":{"url":"np://user.desktop.nicepage.com/Site_613830262/images/thumbnails/36451461_251721852301428_1024183755444584448_n.jpg","width":250,"height":141},"folderId":null,"usages":["1001023011"]},{"id":"user-image-385070131_657906829776553_6321994568285619597_n.jpg","publicUrl":"np://user.desktop.nicepage.com/Site_613830262/images/385070131_657906829776553_6321994568285619597_n.jpg","size":328996,"hash":"ow9DmdoPfRj47mepC1wZQE2gwGg=","fileName":"385070131_657906829776553_6321994568285619597_n.jpg","name":"385070131_657906829776553_6321994568285619597_n","width":1320,"height":1320,"thumbnail":{"url":"np://user.desktop.nicepage.com/Site_613830262/images/thumbnails/385070131_657906829776553_6321994568285619597_n.jpg","width":250,"height":250},"folderId":null,"usages":["1001023011"]},{"id":"user-image-WhatsAppImage2024-06-29at11.22.28PM.jpeg","publicUrl":"np://user.desktop.nicepage.com/Site_613830262/images/WhatsAppImage2024-06-29at11.22.28PM.jpeg","size":494031,"hash":"Thn4JIUCKJlGBvcbGc3gwIR4cyU=","fileName":"WhatsAppImage2024-06-29at11.22.28PM.jpeg","name":"WhatsAppImage2024-06-29at11.22.28PM","width":1600,"height":1067,"thumbnail":{"url":"np://user.desktop.nicepage.com/Site_613830262/images/thumbnails/WhatsAppImage2024-06-29at11.22.28PM.jpeg","width":250,"height":167},"folderId":null,"usages":["1001023011"]},{"id":"user-image-_094fda75-1b0e-4765-ad3a-c37d6fef366a.jfif","publicUrl":"np://user.desktop.nicepage.com/Site_613830262/images/_094fda75-1b0e-4765-ad3a-c37d6fef366a.jfif","size":71514,"hash":"LIUh+eXmQvxBHxUFJ35S0E03eF0=","fileName":"_094fda75-1b0e-4765-ad3a-c37d6fef366a.jfif","name":"_094fda75-1b0e-4765-ad3a-c37d6fef366a","width":1024,"height":1024,"thumbnail":{"url":"np://user.desktop.nicepage.com/Site_613830262/images/thumbnails/_094fda75-1b0e-4765-ad3a-c37d6fef366a.jfif","width":250,"height":250},"folderId":null,"usages":["2925708591"]},{"id":"user-image-IMG-20240704-WA0011-AllisonRincn.jpg","publicUrl":"np://user.desktop.nicepage.com/Site_613830262/images/IMG-20240704-WA0011-AllisonRincn.jpg","size":54263,"hash":"iwyy9xej13tSL6Jck2IKdiG+ktQ=","fileName":"IMG-20240704-WA0011-AllisonRincn.jpg","name":"IMG-20240704-WA0011-AllisonRincn","width":530,"height":540,"thumbnail":{"url":"np://user.desktop.nicepage.com/Site_613830262/images/thumbnails/IMG-20240704-WA0011-AllisonRincn.jpg","width":245,"height":250},"folderId":null,"usages":["2925708591"]},{"id":"user-image-Cover-PsicoVibes.jpg","publicUrl":"np://user.desktop.nicepage.com/Site_613830262/images/Cover-PsicoVibes.jpg","size":21227,"hash":"kmhwbPGlTVaog4w7QaBo/8rKfKU=","fileName":"Cover-PsicoVibes.jpg","name":"Cover-PsicoVibes","width":500,"height":500,"thumbnail":{"url":"np://user.desktop.nicepage.com/Site_613830262/images/thumbnails/Cover-PsicoVibes.jpg","width":250,"height":250},"folderId":null,"usages":["2925708591"]},{"id":"user-image-chikara.png","publicUrl":"np://user.desktop.nicepage.com/Site_613830262/images/chikara.png","size":25073,"hash":"UzzmXLX1nMYd+ogJDopS1rwSdA4=","fileName":"chikara.png","name":"chikara","width":658,"height":657,"thumbnail":{"url":"np://user.desktop.nicepage.com/Site_613830262/images/thumbnails/chikara.png","width":250,"height":250},"folderId":null,"usages":["2925708591"]},{"id":"user-image-EJESDELAPLATAFORMA-05.svg","publicUrl":"np://user.desktop.nicepage.com/Site_613830262/images/EJESDELAPLATAFORMA-05.svg","size":13033,"hash":"yaT3xUmkqm2o2cxR7K8eCLm3xBo=","fileName":"EJESDELAPLATAFORMA-05.svg","name":"EJESDELAPLATAFORMA-05","width":886,"height":563,"thumbnail":{"url":"np://user.desktop.nicepage.com/Site_613830262/images/thumbnails/EJESDELAPLATAFORMA-05.svg","width":250,"height":159},"folderId":null,"usages":["73288665"]},{"id":"user-image-EJESDELAPLATAFORMA-03.svg","publicUrl":"np://user.desktop.nicepage.com/Site_613830262/images/EJESDELAPLATAFORMA-03.svg","size":20099,"hash":"ZQFgpExHxqWf17EdUbLcpz9xLUE=","fileName":"EJESDELAPLATAFORMA-03.svg","name":"EJESDELAPLATAFORMA-03","width":1037,"height":580,"thumbnail":{"url":"np://user.desktop.nicepage.com/Site_613830262/images/thumbnails/EJESDELAPLATAFORMA-03.svg","width":250,"height":140},"folderId":null,"usages":["73288665"]},{"id":"user-image-EJESDELAPLATAFORMA-07.svg","publicUrl":"np://user.desktop.nicepage.com/Site_613830262/images/EJESDELAPLATAFORMA-07.svg","size":7036,"hash":"4c42ebCdTfMGYT8LxEvWzD/FN3A=","fileName":"EJESDELAPLATAFORMA-07.svg","name":"EJESDELAPLATAFORMA-07","width":871,"height":605,"thumbnail":{"url":"np://user.desktop.nicepage.com/Site_613830262/images/thumbnails/EJESDELAPLATAFORMA-07.svg","width":250,"height":174},"folderId":null,"usages":["73288665"]},{"id":"user-image-EJESDELAPLATAFORMA-01.svg","publicUrl":"np://user.desktop.nicepage.com/Site_613830262/images/EJESDELAPLATAFORMA-01.svg","size":21141,"hash":"IJOMkcANx9YZTRBOkja95b8PfgI=","fileName":"EJESDELAPLATAFORMA-01.svg","name":"EJESDELAPLATAFORMA-01","width":839,"height":583,"thumbnail":{"url":"np://user.desktop.nicepage.com/Site_613830262/images/thumbnails/EJESDELAPLATAFORMA-01.svg","width":250,"height":174},"folderId":null,"usages":["73288665"]},{"id":"user-image-EJESDELAPLATAFORMA-06.svg","publicUrl":"np://user.desktop.nicepage.com/Site_613830262/images/EJESDELAPLATAFORMA-06.svg","size":7619,"hash":"MjfBTVJqszplXrxNEOZRgd34ato=","fileName":"EJESDELAPLATAFORMA-06.svg","name":"EJESDELAPLATAFORMA-06","width":1339,"height":569,"thumbnail":{"url":"np://user.desktop.nicepage.com/Site_613830262/images/thumbnails/EJESDELAPLATAFORMA-06.svg","width":250,"height":106},"folderId":null,"usages":["73288665"]},{"id":"user-image-EJESDELAPLATAFORMA-02.svg","publicUrl":"np://user.desktop.nicepage.com/Site_613830262/images/EJESDELAPLATAFORMA-02.svg","size":4846,"hash":"EvfrNX0P0kMfw+UVZ9IaGGeoqh0=","fileName":"EJESDELAPLATAFORMA-02.svg","name":"EJESDELAPLATAFORMA-02","width":1151,"height":581,"thumbnail":{"url":"np://user.desktop.nicepage.com/Site_613830262/images/thumbnails/EJESDELAPLATAFORMA-02.svg","width":250,"height":126},"folderId":null,"usages":["73288665"]},{"id":"user-image-EJESDELAPLATAFORMA-04.svg","publicUrl":"np://user.desktop.nicepage.com/Site_613830262/images/EJESDELAPLATAFORMA-04.svg","size":6147,"hash":"hTSoZHV+EV7ZVX6RhpiDesGu3Qk=","fileName":"EJESDELAPLATAFORMA-04.svg","name":"EJESDELAPLATAFORMA-04","width":924,"height":629,"thumbnail":{"url":"np://user.desktop.nicepage.com/Site_613830262/images/thumbnails/EJESDELAPLATAFORMA-04.svg","width":250,"height":170},"folderId":null,"usages":["73288665"]},{"id":"user-image-mision.jfif","publicUrl":"np://user.desktop.nicepage.com/Site_613830262/images/mision.jfif","size":272233,"hash":"VdHBMNBmFDan+Yb6Fmd70gzopKs=","fileName":"mision.jfif","name":"mision","width":1024,"height":1024,"thumbnail":{"url":"np://user.desktop.nicepage.com/Site_613830262/images/thumbnails/mision.jfif","width":250,"height":250},"folderId":null,"usages":["73288665"]},{"id":"user-image-vision.jfif","publicUrl":"np://user.desktop.nicepage.com/Site_613830262/images/vision.jfif","size":226073,"hash":"RY+zVHhoDTSHmDEMxLglv47Mj7E=","fileName":"vision.jfif","name":"vision","width":1024,"height":1024,"thumbnail":{"url":"np://user.desktop.nicepage.com/Site_613830262/images/thumbnails/vision.jfif","width":250,"height":250},"folderId":null,"usages":["73288665"]},{"id":"user-image-tiramissu-dessert-with-mint.jpg","publicUrl":"np://user.desktop.nicepage.com/Site_613830262/images/tiramissu-dessert-with-mint.jpg","size":1227559,"hash":"4Wp3Avyrz+2cQ+B7AonHkxFnzss=","fileName":"tiramissu-dessert-with-mint.jpg","name":"tiramissu-dessert-with-mint","width":1500,"height":1000,"thumbnail":{"url":"np://user.desktop.nicepage.com/Site_613830262/images/thumbnails/tiramissu-dessert-with-mint.jpg","width":250,"height":167},"folderId":null,"originalUrl":"https://assets.nicepagecdn.com/11a8ddce/6192674/images/tiramissu-dessert-with-mint.jpg","usages":[]},{"id":"user-image-image1-51.jpeg","publicUrl":"np://user.desktop.nicepage.com/Site_613830262/images/image1-51.jpeg","size":223129,"hash":"fj1rbAvvnQ7RyOUeNWNKVm9RJjA=","fileName":"image1-51.jpeg","name":"image1-51","width":1200,"height":800,"thumbnail":{"url":"np://user.desktop.nicepage.com/Site_613830262/images/thumbnails/image1-51.jpeg","width":250,"height":167},"folderId":null,"originalUrl":"https://assets.nicepagecdn.com/11a8ddce/6192674/images/image1-51.jpeg","usages":[]},{"id":"user-image-penne-pasta-with-pesto-sauce-zucchini-green-peas-basil-italian-food-top-view-flat-lay.jpg","publicUrl":"np://user.desktop.nicepage.com/Site_613830262/images/penne-pasta-with-pesto-sauce-zucchini-green-peas-basil-italian-food-top-view-flat-lay.jpg","size":2073820,"hash":"0LWNyM5wadTcbIvb+UER7DfeYYw=","fileName":"penne-pasta-with-pesto-sauce-zucchini-green-peas-basil-italian-food-top-view-flat-lay.jpg","name":"penne-pasta-with-pesto-sauce-zucchini-green-peas-basil-italian-food-top-view-flat-lay","width":1500,"height":1000,"thumbnail":{"url":"np://user.desktop.nicepage.com/Site_613830262/images/thumbnails/penne-pasta-with-pesto-sauce-zucchini-green-peas-basil-italian-food-top-view-flat-lay.jpg","width":250,"height":167},"folderId":null,"originalUrl":"https://assets.nicepagecdn.com/11a8ddce/6192674/images/penne-pasta-with-pesto-sauce-zucchini-green-peas-basil-italian-food-top-view-flat-lay.jpg","usages":[]},{"id":"user-image-33.png","publicUrl":"np://user.desktop.nicepage.com/Site_613830262/images/33.png","size":3111206,"hash":"61OwqhOIAWLSnmEAO53leP2f0b8=","fileName":"33.png","name":"33","width":1500,"height":1500,"thumbnail":{"url":"np://user.desktop.nicepage.com/Site_613830262/images/thumbnails/33.png","width":250,"height":250},"folderId":null,"originalUrl":"https://assets.nicepagecdn.com/11a8ddce/6192674/images/33.png","usages":[]},{"id":"user-image-poster_event_2383047.png","publicUrl":"np://user.desktop.nicepage.com/Site_613830262/images/poster_event_2383047.png","size":4381089,"hash":"3bKze38kAnweYrKKeDgQFY3NmiY=","fileName":"poster_event_2383047.png","name":"poster_event_2383047","width":1500,"height":1509,"thumbnail":{"url":"np://user.desktop.nicepage.com/Site_613830262/images/thumbnails/poster_event_2383047.png","width":249,"height":250},"folderId":null,"originalUrl":"https://assets.nicepagecdn.com/11a8ddce/6192674/images/poster_event_2383047.png","usages":[]},{"id":"user-image-4545.png","publicUrl":"np://user.desktop.nicepage.com/Site_613830262/images/4545.png","size":4058838,"hash":"1BSZtOeGoc32CxTC/+W4XeCq77g=","fileName":"4545.png","name":"4545","width":1500,"height":1500,"thumbnail":{"url":"np://user.desktop.nicepage.com/Site_613830262/images/thumbnails/4545.png","width":250,"height":250},"folderId":null,"originalUrl":"https://assets.nicepagecdn.com/11a8ddce/6192674/images/4545.png","usages":[]},{"id":"user-image-Untitled-13.png","publicUrl":"np://user.desktop.nicepage.com/Site_613830262/images/Untitled-13.png","size":9667,"hash":"WggAAHbAR4R/ZoJZknn0kS+Nc0M=","fileName":"Untitled-13.png","name":"Untitled-13","width":238,"height":226,"thumbnail":{"url":"np://user.desktop.nicepage.com/Site_613830262/images/thumbnails/Untitled-13.png","width":238,"height":226,"length":9667,"type":"png"},"folderId":null,"originalUrl":"https://assets.nicepagecdn.com/11a8ddce/6192674/images/Untitled-13.png","usages":[]},{"id":"user-image-Untitled-1.png","publicUrl":"np://user.desktop.nicepage.com/Site_613830262/images/Untitled-1.png","size":8909,"hash":"1mD0t9HxnbFd7Hmdme7IMWBQoSQ=","fileName":"Untitled-1.png","name":"Untitled-1","width":239,"height":201,"thumbnail":{"url":"np://user.desktop.nicepage.com/Site_613830262/images/thumbnails/Untitled-1.png","width":239,"height":201,"length":8909,"type":"png"},"folderId":null,"originalUrl":"https://assets.nicepagecdn.com/11a8ddce/6192674/images/Untitled-1.png","usages":[]},{"id":"user-image-1fb0b9868f569047f06efd6eddfca3c1ca2b70787755bf7edf3960a90be9804223f8a7f1f1832eea29af275e7e591c28dd5521bf50593196a2f2b9_1280.jpg","publicUrl":"np://user.desktop.nicepage.com/Site_613830262/images/1fb0b9868f569047f06efd6eddfca3c1ca2b70787755bf7edf3960a90be9804223f8a7f1f1832eea29af275e7e591c28dd5521bf50593196a2f2b9_1280.jpg","size":124083,"hash":"bl/13NtwruYQ45eNJ+sTwvrjK+Q=","fileName":"1fb0b9868f569047f06efd6eddfca3c1ca2b70787755bf7edf3960a90be9804223f8a7f1f1832eea29af275e7e591c28dd5521bf50593196a2f2b9_1280.jpg","name":"1fb0b9868f569047f06efd6eddfca3c1ca2b70787755bf7edf3960a90be9804223f8a7f1f1832eea29af275e7e591c28dd5521bf50593196a2f2b9_1280","width":1280,"height":853,"thumbnail":{"url":"np://user.desktop.nicepage.com/Site_613830262/images/thumbnails/1fb0b9868f569047f06efd6eddfca3c1ca2b70787755bf7edf3960a90be9804223f8a7f1f1832eea29af275e7e591c28dd5521bf50593196a2f2b9_1280.jpg","width":250,"height":167},"folderId":null,"usages":[]},{"id":"user-image-78cc85f3529dddd638fffe7ff643faf7b30c4a905b44869a0eb5610dd02a750b59e412b6c3390836668f9f36e60877bf7d4fb65ba8f5dd98ad2b34_1280.jpg","publicUrl":"np://user.desktop.nicepage.com/Site_613830262/images/78cc85f3529dddd638fffe7ff643faf7b30c4a905b44869a0eb5610dd02a750b59e412b6c3390836668f9f36e60877bf7d4fb65ba8f5dd98ad2b34_1280.jpg","size":113878,"hash":"ZNQCHskbI//gPVS2VbLMjAsBTbc=","fileName":"78cc85f3529dddd638fffe7ff643faf7b30c4a905b44869a0eb5610dd02a750b59e412b6c3390836668f9f36e60877bf7d4fb65ba8f5dd98ad2b34_1280.jpg","name":"78cc85f3529dddd638fffe7ff643faf7b30c4a905b44869a0eb5610dd02a750b59e412b6c3390836668f9f36e60877bf7d4fb65ba8f5dd98ad2b34_1280","width":960,"height":1280,"thumbnail":{"url":"np://user.desktop.nicepage.com/Site_613830262/images/thumbnails/78cc85f3529dddd638fffe7ff643faf7b30c4a905b44869a0eb5610dd02a750b59e412b6c3390836668f9f36e60877bf7d4fb65ba8f5dd98ad2b34_1280.jpg","width":188,"height":250},"folderId":null,"usages":[]},{"id":"user-image-421611275_707290378185499_2000983063807667509_n.jpg","publicUrl":"np://user.desktop.nicepage.com/Site_613830262/images/421611275_707290378185499_2000983063807667509_n.jpg","size":150852,"hash":"rHqmW5jb6lJt5sRhvHl7wVj8RVc=","fileName":"421611275_707290378185499_2000983063807667509_n.jpg","name":"421611275_707290378185499_2000983063807667509_n","width":1080,"height":1080,"thumbnail":{"url":"np://user.desktop.nicepage.com/Site_613830262/images/thumbnails/421611275_707290378185499_2000983063807667509_n.jpg","width":250,"height":250},"folderId":null,"usages":["73288665"]},{"id":"user-image-374630866_627843689463502_8774945451238339402_n.jpg","publicUrl":"np://user.desktop.nicepage.com/Site_613830262/images/374630866_627843689463502_8774945451238339402_n.jpg","size":250429,"hash":"CJ6Kd5zHCdV5+nIOG7U3W/Jg/Hg=","fileName":"374630866_627843689463502_8774945451238339402_n.jpg","name":"374630866_627843689463502_8774945451238339402_n","width":1200,"height":1200,"thumbnail":{"url":"np://user.desktop.nicepage.com/Site_613830262/images/thumbnails/374630866_627843689463502_8774945451238339402_n.jpg","width":250,"height":250},"folderId":null,"usages":["73288665","1001023011"]},{"id":"user-image-LOGOPDJMNEGRO.png","publicUrl":"np://user.desktop.nicepage.com/Site_613830262/images/LOGOPDJMNEGRO.png","size":9200,"hash":"ZEMgmYKmsCn1GDOA3LACrk9y6Tk=","fileName":"LOGOPDJMNEGRO.png","name":"LOGOPDJMNEGRO","width":512,"height":257,"thumbnail":{"url":"np://user.desktop.nicepage.com/Site_613830262/images/thumbnails/LOGOPDJMNEGRO.png","width":250,"height":125},"folderId":null,"usages":[]},{"id":"user-image-LOGOPDJMBLANCO.png","publicUrl":"np://user.desktop.nicepage.com/Site_613830262/images/LOGOPDJMBLANCO.png","size":8645,"hash":"QvV+4bV6ylsztaKg9S+sPIgZFH0=","fileName":"LOGOPDJMBLANCO.png","name":"LOGOPDJMBLANCO","width":506,"height":253,"thumbnail":{"url":"np://user.desktop.nicepage.com/Site_613830262/images/thumbnails/LOGOPDJMBLANCO.png","width":250,"height":125},"folderId":null,"usages":["73288665"]},{"id":"user-image-FOTOPERFILIG.jpg","publicUrl":"np://user.desktop.nicepage.com/Site_613830262/images/FOTOPERFILIG.jpg","size":58062,"hash":"Z9d0irBkONqZqVyizKlnPtoa+dE=","fileName":"FOTOPERFILIG.jpg","name":"FOTOPERFILIG","width":1080,"height":1080,"thumbnail":{"url":"np://user.desktop.nicepage.com/Site_613830262/images/thumbnails/FOTOPERFILIG.jpg","width":250,"height":250},"folderId":null,"usages":["73288665"]},{"id":"user-image-FOTOPERFILFB.jpg","publicUrl":"np://user.desktop.nicepage.com/Site_613830262/images/FOTOPERFILFB.jpg","size":60197,"hash":"j8oHlRzvIlpxHGBMJ+bsVcII2rA=","fileName":"FOTOPERFILFB.jpg","name":"FOTOPERFILFB","width":1080,"height":1080,"thumbnail":{"url":"np://user.desktop.nicepage.com/Site_613830262/images/thumbnails/FOTOPERFILFB.jpg","width":250,"height":250},"folderId":null,"usages":[]},{"id":"user-image-LOGOPDJMCOLOR.png","publicUrl":"np://user.desktop.nicepage.com/Site_613830262/images/LOGOPDJMCOLOR.png","size":12085,"hash":"EVaqMxiP91q7F5fhn/aCyphtCvE=","fileName":"LOGOPDJMCOLOR.png","name":"LOGOPDJMCOLOR","width":508,"height":255,"thumbnail":{"url":"np://user.desktop.nicepage.com/Site_613830262/images/thumbnails/LOGOPDJMCOLOR.png","width":250,"height":125},"folderId":null,"usages":[]},{"id":"user-image-favicon.png","publicUrl":"np://user.desktop.nicepage.com/Site_613830262/images/favicon.png","size":232755,"hash":"AstX48ImyGXC/+eRA6bq98MamYQ=","fileName":"favicon.png","name":"favicon","width":1887,"height":2312,"thumbnail":{"url":"np://user.desktop.nicepage.com/Site_613830262/images/thumbnails/favicon.png","width":204,"height":250},"folderId":null,"usages":["2925708591"]}]
