[{"id":915724506,"title":"Blog Template","order":1,"templateKey":"blog","customTemplate":false,"customTemplateFilename":null,"pageLinks":[],"dateCreated":"2024-03-23T21:31:12.364Z","dateUpdated":"2024-03-23T21:31:15.734Z","folderId":null,"pageName":"Blog Template","serverPageId":null,"sectionCount":1,"status":2,"backwardUrl":null},{"id":2014726537,"title":"Post Template","order":2,"templateKey":"post","customTemplate":false,"customTemplateFilename":null,"pageLinks":[],"dateCreated":"2024-03-23T21:31:12.757Z","dateUpdated":"2024-03-23T21:31:15.735Z","folderId":null,"pageName":"Post Template","serverPageId":null,"sectionCount":1,"status":2,"backwardUrl":null},{"id":2209866,"title":"Product List Template","order":3,"templateKey":"products","customTemplate":false,"customTemplateFilename":null,"pageLinks":[],"dateCreated":"2024-03-23T21:31:13.085Z","dateUpdated":"2024-03-23T21:31:15.735Z","folderId":null,"pageName":"Product List Template","serverPageId":null,"sectionCount":1,"status":2,"backwardUrl":null},{"id":926129181,"title":"Product Details Template","order":4,"templateKey":"product","customTemplate":false,"customTemplateFilename":null,"pageLinks":[],"dateCreated":"2024-03-23T21:31:13.439Z","dateUpdated":"2024-03-23T21:31:15.735Z","folderId":null,"pageName":"Product Details Template","serverPageId":null,"sectionCount":1,"status":2,"backwardUrl":null},{"id":2139415284,"title":"Shopping Cart Template","order":5,"templateKey":"cart","customTemplate":false,"customTemplateFilename":null,"pageLinks":[],"dateCreated":"2024-03-23T21:31:13.722Z","dateUpdated":"2024-03-23T21:31:15.736Z","folderId":null,"pageName":"Shopping Cart Template","serverPageId":null,"sectionCount":1,"status":2,"backwardUrl":null},{"id":153084545,"title":"Checkout Template","order":6,"templateKey":"checkout","customTemplate":false,"customTemplateFilename":null,"pageLinks":[],"dateCreated":"2024-03-23T21:31:14.102Z","dateUpdated":"2024-03-23T21:31:15.736Z","folderId":null,"pageName":"Checkout Template","serverPageId":null,"sectionCount":1,"status":2,"backwardUrl":null},{"id":630212609,"title":"Login Template","order":7,"templateKey":"login","customTemplate":false,"customTemplateFilename":null,"pageLinks":[],"dateCreated":"2024-03-23T21:31:14.313Z","dateUpdated":"2024-03-23T21:31:15.737Z","folderId":null,"pageName":"Login Template","serverPageId":null,"sectionCount":1,"status":2,"backwardUrl":null},{"id":176284987,"title":"Page Password Template","order":8,"templateKey":"password","customTemplate":false,"customTemplateFilename":null,"pageLinks":[],"dateCreated":"2024-03-23T21:31:14.465Z","dateUpdated":"2024-03-23T21:31:15.737Z","folderId":null,"pageName":"Page Password Template","serverPageId":null,"sectionCount":1,"status":2,"backwardUrl":null},{"id":16485987,"title":"404 Not Found Template","order":9,"templateKey":"404","customTemplate":false,"customTemplateFilename":null,"pageLinks":[],"dateCreated":"2024-03-23T21:31:14.625Z","dateUpdated":"2024-03-23T21:31:15.737Z","folderId":null,"pageName":"404 Not Found Template","serverPageId":null,"sectionCount":1,"status":2,"backwardUrl":null},{"id":288124094,"title":"Thank You Page Template","order":10,"templateKey":"ThankYou","customTemplate":false,"customTemplateFilename":null,"pageLinks":[],"dateCreated":"2024-03-23T21:31:14.805Z","dateUpdated":"2024-03-23T21:31:15.738Z","folderId":null,"pageName":"Thank You Page Template","serverPageId":null,"sectionCount":1,"status":2,"backwardUrl":null},{"id":73288665,"title":"INICIO","order":50,"templateKey":null,"customTemplate":false,"customTemplateFilename":null,"pageLinks":["2925708591","1001023011"],"dateCreated":"2024-03-23T21:31:16.870Z","dateUpdated":"2024-09-10T02:02:34.677Z","folderId":null,"pageName":"INICIO_73288665","serverPageId":null,"sectionCount":6,"status":2,"backwardUrl":null},{"id":2925708591,"title":"ORGANIZACIONES","order":101,"templateKey":null,"customTemplate":false,"customTemplateFilename":null,"pageLinks":[],"dateCreated":"2024-03-23T21:31:15.091Z","dateUpdated":"2024-07-27T03:21:10.014Z","folderId":null,"pageName":"ORGANIZACIONES_2925708591","serverPageId":null,"sectionCount":1,"status":2,"backwardUrl":null},{"id":1001023011,"title":"GALERIA","order":102,"templateKey":null,"customTemplate":false,"customTemplateFilename":null,"pageLinks":[],"dateCreated":"2024-03-23T21:49:32.937Z","dateUpdated":"2024-07-27T03:43:26.307Z","folderId":null,"pageName":"GALERIA_1001023011","serverPageId":null,"sectionCount":3,"status":2,"backwardUrl":null}]
